Workbook
Name Lista_Etapas: Etapas!$B$2:$B$1000
Name Lista_Subetapas: Subetapas!$B$2:$B$1000

Sheet Início
A1: Dados da Obra
A2: Nome da Obra
A3: Cliente/Contratante
A4: Endereço
A5: Responsável Técnico
A6: Data Inicial Planejada
A7: Data Final Planejada
A8: Orçamento Inicial (Previsto)

Sheet Etapas
A1: ID (técnico) | B1: Nome | C1: Ordem | D1: Status | E1: ID_Obra (técnico)
A2: =IF($B2="","","ETA-"&TEXT(ROW()-1,"0000")) | E2: =IF($B2="","",Base_Dados!$B$2)
A3: =IF($B3="","","ETA-"&TEXT(ROW()-1,"0000")) | E3: =IF($B3="","",Base_Dados!$B$2)
A4: =IF($B4="","","ETA-"&TEXT(ROW()-1,"0000")) | E4: =IF($B4="","",Base_Dados!$B$2)
A5: =IF($B5="","","ETA-"&TEXT(ROW()-1,"0000")) | E5: =IF($B5="","",Base_Dados!$B$2)
A6: =IF($B6="","","ETA-"&TEXT(ROW()-1,"0000")) | E6: =IF($B6="","",Base_Dados!$B$2)
A7: =IF($B7="","","ETA-"&TEXT(ROW()-1,"0000")) | E7: =IF($B7="","",Base_Dados!$B$2)
A8: =IF($B8="","","ETA-"&TEXT(ROW()-1,"0000")) | E8: =IF($B8="","",Base_Dados!$B$2)
A9: =IF($B9="","","ETA-"&TEXT(ROW()-1,"0000")) | E9: =IF($B9="","",Base_Dados!$B$2)
A10: =IF($B10="","","ETA-"&TEXT(ROW()-1,"0000")) | E10: =IF($B10="","",Base_Dados!$B$2)
A11: =IF($B11="","","ETA-"&TEXT(ROW()-1,"0000")) | E11: =IF($B11="","",Base_Dados!$B$2)
A12: =IF($B12="","","ETA-"&TEXT(ROW()-1,"0000")) | E12: =IF($B12="","",Base_Dados!$B$2)
A13: =IF($B13="","","ETA-"&TEXT(ROW()-1,"0000")) | E13: =IF($B13="","",Base_Dados!$B$2)
... A31: =IF($B31="","","ETA-"&TEXT(ROW()-1,"0000")) | E31: =IF($B31="","",Base_Dados!$B$2)

Sheet Subetapas
A1: ID (técnico) | B1: Nome | C1: Etapa | D1: Status | E1: ID_Etapa (técnico)
A2: =IF($B2="","","SUB-"&TEXT(ROW()-1,"0000")) | E2: =IF($C2="","",INDEX(Etapas!$A:$A,MATCH($C2,Etapas!$B:$B,0)))
A3: =IF($B3="","","SUB-"&TEXT(ROW()-1,"0000")) | E3: =IF($C3="","",INDEX(Etapas!$A:$A,MATCH($C3,Etapas!$B:$B,0)))
A4: =IF($B4="","","SUB-"&TEXT(ROW()-1,"0000")) | E4: =IF($C4="","",INDEX(Etapas!$A:$A,MATCH($C4,Etapas!$B:$B,0)))
A5: =IF($B5="","","SUB-"&TEXT(ROW()-1,"0000")) | E5: =IF($C5="","",INDEX(Etapas!$A:$A,MATCH($C5,Etapas!$B:$B,0)))
A6: =IF($B6="","","SUB-"&TEXT(ROW()-1,"0000")) | E6: =IF($C6="","",INDEX(Etapas!$A:$A,MATCH($C6,Etapas!$B:$B,0)))
A7: =IF($B7="","","SUB-"&TEXT(ROW()-1,"0000")) | E7: =IF($C7="","",INDEX(Etapas!$A:$A,MATCH($C7,Etapas!$B:$B,0)))
A8: =IF($B8="","","SUB-"&TEXT(ROW()-1,"0000")) | E8: =IF($C8="","",INDEX(Etapas!$A:$A,MATCH($C8,Etapas!$B:$B,0)))
A9: =IF($B9="","","SUB-"&TEXT(ROW()-1,"0000")) | E9: =IF($C9="","",INDEX(Etapas!$A:$A,MATCH($C9,Etapas!$B:$B,0)))
A10: =IF($B10="","","SUB-"&TEXT(ROW()-1,"0000")) | E10: =IF($C10="","",INDEX(Etapas!$A:$A,MATCH($C10,Etapas!$B:$B,0)))
A11: =IF($B11="","","SUB-"&TEXT(ROW()-1,"0000")) | E11: =IF($C11="","",INDEX(Etapas!$A:$A,MATCH($C11,Etapas!$B:$B,0)))
A12: =IF($B12="","","SUB-"&TEXT(ROW()-1,"0000")) | E12: =IF($C12="","",INDEX(Etapas!$A:$A,MATCH($C12,Etapas!$B:$B,0)))
A13: =IF($B13="","","SUB-"&TEXT(ROW()-1,"0000")) | E13: =IF($C13="","",INDEX(Etapas!$A:$A,MATCH($C13,Etapas!$B:$B,0)))
... A31: =IF($B31="","","SUB-"&TEXT(ROW()-1,"0000")) | E31: =IF($C31="","",INDEX(Etapas!$A:$A,MATCH($C31,Etapas!$B:$B,0)))

Sheet Serviços
A1: ID (técnico) | B1: Descrição | C1: Subetapa | D1: Unidade de Medida | E1: Quantidade Orçada | F1: Valor Unitário | G1: Valor Previsto | H1: Status | I1: ID_Subetapa (técnico)
A2: =IF($B2="","","SRV-"&TEXT(ROW()-1,"0000")) | I2: =IF($C2="","",INDEX(Subetapas!$A:$A,MATCH($C2,Subetapas!$B:$B,0)))
A3: =IF($B3="","","SRV-"&TEXT(ROW()-1,"0000")) | I3: =IF($C3="","",INDEX(Subetapas!$A:$A,MATCH($C3,Subetapas!$B:$B,0)))
A4: =IF($B4="","","SRV-"&TEXT(ROW()-1,"0000")) | I4: =IF($C4="","",INDEX(Subetapas!$A:$A,MATCH($C4,Subetapas!$B:$B,0)))
A5: =IF($B5="","","SRV-"&TEXT(ROW()-1,"0000")) | I5: =IF($C5="","",INDEX(Subetapas!$A:$A,MATCH($C5,Subetapas!$B:$B,0)))
A6: =IF($B6="","","SRV-"&TEXT(ROW()-1,"0000")) | I6: =IF($C6="","",INDEX(Subetapas!$A:$A,MATCH($C6,Subetapas!$B:$B,0)))
A7: =IF($B7="","","SRV-"&TEXT(ROW()-1,"0000")) | I7: =IF($C7="","",INDEX(Subetapas!$A:$A,MATCH($C7,Subetapas!$B:$B,0)))
A8: =IF($B8="","","SRV-"&TEXT(ROW()-1,"0000")) | I8: =IF($C8="","",INDEX(Subetapas!$A:$A,MATCH($C8,Subetapas!$B:$B,0)))
A9: =IF($B9="","","SRV-"&TEXT(ROW()-1,"0000")) | I9: =IF($C9="","",INDEX(Subetapas!$A:$A,MATCH($C9,Subetapas!$B:$B,0)))
A10: =IF($B10="","","SRV-"&TEXT(ROW()-1,"0000")) | I10: =IF($C10="","",INDEX(Subetapas!$A:$A,MATCH($C10,Subetapas!$B:$B,0)))
A11: =IF($B11="","","SRV-"&TEXT(ROW()-1,"0000")) | I11: =IF($C11="","",INDEX(Subetapas!$A:$A,MATCH($C11,Subetapas!$B:$B,0)))
A12: =IF($B12="","","SRV-"&TEXT(ROW()-1,"0000")) | I12: =IF($C12="","",INDEX(Subetapas!$A:$A,MATCH($C12,Subetapas!$B:$B,0)))
A13: =IF($B13="","","SRV-"&TEXT(ROW()-1,"0000")) | I13: =IF($C13="","",INDEX(Subetapas!$A:$A,MATCH($C13,Subetapas!$B:$B,0)))
... A31: =IF($B31="","","SRV-"&TEXT(ROW()-1,"0000")) | I31: =IF($C31="","",INDEX(Subetapas!$A:$A,MATCH($C31,Subetapas!$B:$B,0)))

Sheet Base_Dados
A1: Metadados internos — não editar
A2: ID da Obra (técnico) | B2: OBR-0001
A4: Prefixos de ID técnico homologados (ver Etapa 1, Seção 7)
A5: OBRAS | B5: OBR
A6: ETAPAS | B6: ETA
A7: SUBETAPAS | B7: SUB
A8: SERVICOS_ORCAMENTO | B8: SRV
A9: PLANEJAMENTO | B9: PLN
A10: FORNECEDORES | B10: FOR
A11: COMPRAS | B11: COM
A12: FINANCEIRO | B12: FIN
A13: EXECUCAO_MEDICOES | B13: EXE
A14: ALTERACOES | B14: ALT
A15: PENDENCIAS | B15: PEN
A16: ATUALIZACOES | B16: ATU
A17: DOCUMENTOS | B17: DOC
